"doi","year"
"10.1145/3313831.3376154","2019"
"10.1145/3313831.3376707","2019"
"10.1145/3313831.3376157","2019"
"10.1145/3491102.3517734","2019"
"10.1145/3313831.3376154","2020"
"10.1145/3313831.3376707","2020"
"10.1145/3313831.3376157","2020"
"10.1145/3491102.3517734","2022"
